example_response_id,rank_1,rank_2,rank_3,rank_4,rank_5
example-001,Understand eligibility,Book an appointment,Find a local service,Check application status,Update personal details
example-002,Understand eligibility,Check application status,Pay a fee,Find opening hours,Find a local service
example-003,Book an appointment,Check application status,Update personal details,Pay a fee,Make a complaint
example-004,Understand eligibility,Find a local service,Find opening hours,Book an appointment,Pay a fee
example-005,Check application status,Find a local service,Book an appointment,Understand eligibility,Update personal details
example-006,Make a complaint,Understand eligibility,Find a local service,Find opening hours,Check application status
example-007,Find a local service,Pay a fee,Make a complaint,Check application status,Understand eligibility
example-008,Understand eligibility,Find opening hours,Pay a fee,Check application status,Find a local service
example-009,Update personal details,Find a local service,Check application status,Understand eligibility,Find opening hours
example-010,Understand eligibility,Find a local service,Update personal details,Check application status,Make a complaint
example-011,Update personal details,Find a local service,Book an appointment,Understand eligibility,Check application status
example-012,Find a local service,Book an appointment,Understand eligibility,Find opening hours,Check application status
example-013,Understand eligibility,Update personal details,Find a local service,Make a complaint,Check application status
example-014,Find a local service,Update personal details,Check application status,Book an appointment,Understand eligibility
example-015,Understand eligibility,Find a local service,Pay a fee,Find opening hours,Book an appointment
example-016,Find a local service,Understand eligibility,Check application status,Update personal details,Pay a fee
example-017,Make a complaint,Understand eligibility,Book an appointment,Find a local service,Check application status
example-018,Check application status,Find a local service,Find opening hours,Update personal details,Understand eligibility
example-019,Update personal details,Find a local service,Understand eligibility,Find opening hours,Check application status
example-020,Find a local service,Check application status,Understand eligibility,Update personal details,Book an appointment
example-021,Find a local service,Book an appointment,Pay a fee,Check application status,Understand eligibility
example-022,Find a local service,Book an appointment,Understand eligibility,Make a complaint,Check application status
example-023,Find a local service,Understand eligibility,Check application status,Update personal details,Book an appointment
example-024,Find a local service,Book an appointment,Pay a fee,Check application status,Understand eligibility
example-025,Find a local service,Understand eligibility,Update personal details,Check application status,Find opening hours
example-026,Understand eligibility,Book an appointment,Check application status,Pay a fee,Find opening hours
example-027,Find a local service,Pay a fee,Book an appointment,Understand eligibility,Check application status
example-028,Find a local service,Update personal details,Pay a fee,Understand eligibility,Check application status
example-029,Find a local service,Find opening hours,Check application status,Understand eligibility,Update personal details
example-030,Pay a fee,Book an appointment,Update personal details,Check application status,Understand eligibility
example-031,Make a complaint,Understand eligibility,Find a local service,Pay a fee,Book an appointment
example-032,Understand eligibility,Update personal details,Find a local service,Make a complaint,Book an appointment
example-033,Update personal details,Find a local service,Check application status,Book an appointment,Understand eligibility
example-034,Find a local service,Update personal details,Check application status,Understand eligibility,Book an appointment
example-035,Find a local service,Book an appointment,Understand eligibility,Update personal details,Check application status
example-036,Find a local service,Understand eligibility,Find opening hours,Book an appointment,Check application status
example-037,Check application status,Understand eligibility,Find a local service,Pay a fee,Update personal details
example-038,Make a complaint,Find a local service,Understand eligibility,Update personal details,Find opening hours
example-039,Check application status,Pay a fee,Update personal details,Understand eligibility,Find a local service
example-040,Find a local service,Understand eligibility,Pay a fee,Find opening hours,Check application status
example-041,Find opening hours,Find a local service,Check application status,Make a complaint,Book an appointment
example-042,Find opening hours,Update personal details,Check application status,Find a local service,Book an appointment
example-043,Book an appointment,Find a local service,Find opening hours,Understand eligibility,Check application status
example-044,Book an appointment,Find a local service,Make a complaint,Find opening hours,Understand eligibility
example-045,Book an appointment,Understand eligibility,Find a local service,Update personal details,Check application status
example-046,Understand eligibility,Find a local service,Update personal details,Pay a fee,Check application status
example-047,Find a local service,Check application status,Find opening hours,Understand eligibility,Update personal details
example-048,Understand eligibility,Book an appointment,Check application status,Pay a fee,Update personal details
example-049,Book an appointment,Find opening hours,Understand eligibility,Find a local service,Check application status
example-050,Find opening hours,Book an appointment,Update personal details,Understand eligibility,Find a local service
example-051,Book an appointment,Find opening hours,Understand eligibility,Find a local service,Check application status
example-052,Update personal details,Book an appointment,Find a local service,Pay a fee,Check application status
example-053,Check application status,Pay a fee,Find opening hours,Find a local service,Understand eligibility
example-054,Check application status,Understand eligibility,Find a local service,Update personal details,Find opening hours
example-055,Find a local service,Find opening hours,Check application status,Book an appointment,Understand eligibility
example-056,Check application status,Find a local service,Understand eligibility,Pay a fee,Book an appointment
example-057,Find a local service,Understand eligibility,Pay a fee,Book an appointment,Check application status
example-058,Find opening hours,Check application status,Find a local service,Book an appointment,Update personal details
example-059,Understand eligibility,Make a complaint,Book an appointment,Find a local service,Pay a fee
example-060,Find a local service,Update personal details,Understand eligibility,Book an appointment,Pay a fee
example-061,Check application status,Book an appointment,Make a complaint,Find a local service,Pay a fee
example-062,Understand eligibility,Find opening hours,Find a local service,Update personal details,Check application status
example-063,Find a local service,Find opening hours,Pay a fee,Check application status,Update personal details
example-064,Understand eligibility,Check application status,Update personal details,Find a local service,Make a complaint
example-065,Pay a fee,Find opening hours,Understand eligibility,Check application status,Book an appointment
example-066,Book an appointment,Update personal details,Understand eligibility,Find a local service,Check application status
example-067,Check application status,Find a local service,Find opening hours,Update personal details,Understand eligibility
example-068,Check application status,Find a local service,Understand eligibility,Book an appointment,Update personal details
example-069,Book an appointment,Check application status,Find a local service,Understand eligibility,Find opening hours
example-070,Find a local service,Make a complaint,Pay a fee,Find opening hours,Check application status
example-071,Find a local service,Understand eligibility,Pay a fee,Check application status,Book an appointment
example-072,Find a local service,Check application status,Make a complaint,Pay a fee,Find opening hours
example-073,Check application status,Book an appointment,Understand eligibility,Find a local service,Update personal details
example-074,Pay a fee,Check application status,Find opening hours,Book an appointment,Find a local service
example-075,Pay a fee,Check application status,Find a local service,Understand eligibility,Update personal details
example-076,Update personal details,Find opening hours,Understand eligibility,Find a local service,Check application status
example-077,Check application status,Find a local service,Find opening hours,Update personal details,Book an appointment
example-078,Pay a fee,Find a local service,Understand eligibility,Book an appointment,Check application status
example-079,Understand eligibility,Find a local service,Check application status,Pay a fee,Book an appointment
example-080,Pay a fee,Update personal details,Find a local service,Find opening hours,Understand eligibility
example-081,Find a local service,Update personal details,Pay a fee,Check application status,Understand eligibility
example-082,Find a local service,Book an appointment,Find opening hours,Check application status,Understand eligibility
example-083,Understand eligibility,Book an appointment,Check application status,Update personal details,Find a local service
example-084,Understand eligibility,Find a local service,Check application status,Find opening hours,Book an appointment
example-085,Find opening hours,Check application status,Understand eligibility,Find a local service,Pay a fee
example-086,Find a local service,Check application status,Understand eligibility,Pay a fee,Find opening hours
example-087,Check application status,Find a local service,Understand eligibility,Book an appointment,Update personal details
example-088,Find a local service,Understand eligibility,Check application status,Update personal details,Find opening hours
example-089,Book an appointment,Update personal details,Find opening hours,Understand eligibility,Find a local service
example-090,Understand eligibility,Find a local service,Check application status,Find opening hours,Pay a fee
example-091,Find a local service,Check application status,Understand eligibility,Pay a fee,Update personal details
example-092,Check application status,Find a local service,Understand eligibility,Book an appointment,Pay a fee
example-093,Find opening hours,Find a local service,Update personal details,Check application status,Book an appointment
example-094,Pay a fee,Find a local service,Check application status,Make a complaint,Understand eligibility
example-095,Check application status,Understand eligibility,Find a local service,Book an appointment,Update personal details
example-096,Check application status,Find a local service,Find opening hours,Understand eligibility,Update personal details
example-097,Understand eligibility,Update personal details,Pay a fee,Book an appointment,Check application status
example-098,Find a local service,Understand eligibility,Book an appointment,Check application status,Find opening hours
example-099,Find a local service,Understand eligibility,Update personal details,Pay a fee,Check application status
example-100,Find a local service,Check application status,Book an appointment,Understand eligibility,Pay a fee
